customer_id,first_name,last_name,email,phone,city
1000,Miranda,Harris,brenda43@example.org,001-650-635-5393x03553,Port Erinmouth
1001,Oscar,Frazier,erikkelly@example.org,(215)777-2088x7966,Jamesberg
1002,Jamie,Powell,whitemelissa@example.org,649-295-5500,Lake Angela
1003,Matthew,Scott,lschmidt@example.com,810-560-1083x9314,Port Melissa
1004,Charles,Fuller,edwardsbeth@example.net,(442)272-5512x42018,Hudsontown
1005,Susan,Reynolds,frankbenjamin@example.com,(265)443-6521x5998,West Sherryland
1006,David,Morales,jennifermatthews@example.com,953.920.3779x66555,New Natalieport
1007,Benjamin,Jones,gregory58@example.org,990-217-9517x22798,Howardland
1008,Willie,Smith,josephashley@example.net,(489)469-2560,Lake Alexismouth
1009,Kevin,Brown,lkim@example.net,+1-749-724-7879x0498,Henryville
1010,Cindy,Gentry,whobbs@example.com,001-647-710-3756x81710,East Michele
1011,Susan,Mata,mary78@example.org,883.883.9794,Chasefurt
1012,Victoria,Johnston,edwardcooper@example.net,001-549-954-6429x56212,Matthewchester
1013,Danielle,Holmes,johnstonjohn@example.org,(787)334-3015x64981,Hernandezton
1014,Susan,Harris,moorepamela@example.org,(391)989-5667,New Wyatt
1015,Dylan,Rose,mendozajoshua@example.com,(205)325-9111,West Patriciahaven
1016,Angela,Brown,brandondavis@example.net,508-911-6625,Fisherberg
1017,Frederick,Garcia,richardsonsean@example.org,+1-558-659-7374x27551,South Michaelville
1018,Matthew,Rivera,tyrone31@example.net,567-261-4079,Lake Lindsey
1019,Arthur,Kerr,annetteroberts@example.net,001-657-445-7179,Wheelershire
1020,David,Conley,zroberts@example.org,001-307-971-7827x963,Victoriamouth
1021,Samantha,Tran,kennethhamilton@example.org,372-355-7963,North Caleb
1022,Andrea,Lopez,johnparker@example.com,458-849-6928x88785,West Beverlyberg
1023,Victoria,Vasquez,emilywhitaker@example.com,741.492.5680,East Ashleeburgh
1024,Chase,Dunn,wesley78@example.net,672.370.3348x40117,Hensonmouth
1025,Katherine,Mendez,knelson@example.net,561.570.4978x3013,West Jon
1026,Deborah,Downs,martindanielle@example.org,263.540.5720x122,Murphyville
1027,Andrea,Ellis,kathleen83@example.net,001-501-543-9215x01375,Port Kyleborough
1028,Michelle,King,mary49@example.net,815-829-0353,Coxtown
1029,Tracy,Harvey,ysmith@example.net,954-765-9117,Port Brian
1030,Mary,Ortiz,destinylee@example.net,001-835-383-5504x8377,Baldwinberg
1031,Stephanie,Cortez,fkeith@example.com,8772608871,Cruzshire
1032,Rachel,Leon,sherrijackson@example.com,+1-820-661-2028x9481,Dunnland
1033,Charles,Manning,melissa76@example.net,001-302-373-1531x211,Christinaport
1034,Suzanne,Daniels,hector78@example.net,416.743.2263,West Ashley
1035,Jessica,Mejia,sanchezmichelle@example.net,877.233.7574x903,Jamesshire
1036,Donna,Villarreal,grimesbrian@example.net,717-839-3020x3011,West Rogerview
1037,Suzanne,Hubbard,courtneybrooks@example.org,+1-410-935-7261x495,South Jeanne
1038,Charles,Lee,anita96@example.org,+1-982-561-3982x440,Hayeston
1039,Dustin,Peterson,joseph27@example.com,4473135469,Johnburgh
1040,Raven,Moses,ywalter@example.org,(911)394-9168x81023,East Jacob
1041,Elizabeth,Walker,jwhite@example.net,322-900-9552,Richardsview
1042,Colleen,Martin,rachelross@example.org,(966)270-7021,North Rebecca
1043,Michael,Pierce,crodriguez@example.net,+1-575-404-5591,East Louisburgh
1044,Timothy,Brooks,jacqueline35@example.org,385.674.8982x255,Crawfordchester
1045,James,Jones,donna58@example.org,001-314-731-2465x825,Maciasfurt
1046,Alec,Farmer,murraynancy@example.net,001-891-738-1717x078,Butlerfort
1047,Todd,Ellis,saunderswilliam@example.net,456-214-6921x657,Byrdside
1048,Heather,Johnson,mathisrichard@example.org,659.633.4414x458,New Jeffreyville
1049,Jennifer,Blair,bergjessica@example.com,001-976-768-3032x872,Taylorborough
1050,Steven,Mcdonald,bethany90@example.com,983-595-4860,Prestonton
1051,Danny,Levy,richard00@example.com,475-429-4259x5685,Christopherfort
1052,Peggy,Brown,thomas61@example.com,001-834-478-8657x55579,Timothyville
1053,Danielle,Clark,gcarpenter@example.com,(505)278-8166,Frenchport
1054,Evelyn,Shaw,moodyalyssa@example.com,(556)456-8350x409,Martinezside
1055,Rebecca,Hernandez,elizabethward@example.com,259-510-5124,Williamside
1056,Melissa,Campbell,daniel45@example.com,001-708-969-2837,Mollyshire
1057,Rachel,Garcia,wellssteven@example.com,949.896.9950x0630,Sawyerview
1058,Robert,Park,ashleyvazquez@example.org,434.402.5912x546,New Donaldtown
1059,Raymond,Ramos,singhaimee@example.net,733-423-7331,Jeremyfort
1060,April,Williams,thomasrodriguez@example.org,359-744-8364x736,East Ralph
1061,Alexis,Mcdonald,jessicathompson@example.net,001-506-434-5375x09986,Lake Stephenton
1062,Megan,Butler,danielle44@example.com,5202584440,Morrisburgh
1063,Patricia,Warner,ucox@example.com,552-929-1920,East Katherine
1064,Lauren,Lee,john94@example.com,719.827.9172x49376,Claudiabury
1065,Catherine,Thomas,debra20@example.net,995-576-4698x31251,Port Matthew
1066,Jennifer,Schroeder,amymelton@example.org,001-890-552-5855x798,South Tonya
1067,Justin,Klein,robinsondesiree@example.org,001-690-926-8364x206,East Eric
1068,Jacob,Nguyen,millertodd@example.org,406-604-4421x4149,Adkinsfort
1069,Crystal,Nguyen,danielle15@example.com,+1-565-839-3749,New Seanport
1070,Amanda,Mccarthy,kimkimberly@example.com,001-718-571-9249x62238,Lake Alexanderfurt
1071,John,Watson,nicholas84@example.com,+1-829-291-6961x4469,New Paul
1072,Mary,Luna,barry17@example.org,+1-871-464-4256x05897,North Lauramouth
1073,Jessica,George,jeremymata@example.net,001-420-328-1812x100,South Abigail
1074,Michael,Allen,fitzpatrickrodney@example.net,(482)202-9931,West Troy
1075,Christine,Stout,brian76@example.org,466.563.4975,New Jenniferhaven
1076,Gregory,Schultz,bakerelizabeth@example.com,+1-288-895-6374x1898,Poolehaven
1077,Albert,Williams,valentinenancy@example.com,545-833-8312x2176,Port Lisaborough
1078,Madison,Ortiz,christopherstanley@example.org,001-303-883-6642x7337,Kellyside
1079,Stephanie,Powell,heatherowens@example.org,+1-606-607-5353x26538,East Sean
1080,Benjamin,Murphy,brownjeffrey@example.net,001-392-767-5010x40831,Lopezstad
1081,Meghan,Choi,melissa67@example.com,555-966-7933,South Marie
1082,Lance,Williams,maria56@example.org,598.282.7129,Ryanside
1083,Robin,Potter,xolson@example.org,9578881916,New David
1084,Donna,Adkins,chenmichelle@example.net,7533195334,North Rachelton
1085,Ellen,Scott,xmccoy@example.org,236.631.1048,East Erinfurt
1086,Kimberly,Decker,diane32@example.com,643.323.1896x1953,Alisonshire
1087,Anthony,Johnson,richard84@example.net,913-601-0355x5189,East Autumn
1088,Ashley,Peterson,stephaniemarshall@example.com,+1-529-897-3240,Cookfort
1089,Stacy,Villanueva,shahrobert@example.com,(814)713-4077x229,North Gregory
1090,Linda,Nelson,christyjackson@example.com,914.240.7973,West Andrew
1091,Brandon,Hartman,andrephelps@example.org,001-863-432-4009,Crosschester
1092,John,Wu,toddlee@example.org,(624)409-4561,North Tammy
1093,Paula,Yates,stephaniesmith@example.org,001-240-202-8680x5918,Amberland
1094,Gregory,Goodman,murilloangela@example.net,001-443-901-7136x6147,Washingtonfort
1095,Laura,Hernandez,donnabrooks@example.net,001-231-904-1231x197,Alexabury
1096,Lorraine,Rhodes,andrew94@example.net,684.613.0528,Joefurt
1097,Mitchell,Sosa,troy31@example.net,526-226-9036,Leslieville
1098,Troy,Smith,davisvalerie@example.org,677.973.3758x14978,North Cynthia
1099,Jeremy,Griffith,odonnelljohn@example.net,611.811.2756x348,Griffithchester
