customer_id,first_name,last_name,email,phone,city
1000,Matthew,Smith,apreston@example.net,(341)990-9339x1549,Fergusonbury
1001,Johnny,Bishop,teresa06@example.com,542.576.3508x384,Hoffmanshire
1002,Zachary,Weber,tammysolomon@example.org,378.297.2141,Laurenport
1003,Michael,Hester,pcunningham@example.org,+1-812-988-0182x142,Beardfurt
1004,Andrew,Higgins,michelle12@example.org,596-279-7964x456,Keithhaven
1005,Megan,Sanders,kelly33@example.net,(821)233-6269,North Tyler
1006,Judith,Everett,denisehill@example.com,979-979-6423,South Jamesberg
1007,Valerie,Smith,npalmer@example.com,(591)441-6536x59068,Deborahhaven
1008,Matthew,Stewart,ricejoshua@example.org,(401)732-6912,Rachelhaven
1009,Diana,Nguyen,sabrina62@example.net,(932)707-6394,West Angela
1010,Benjamin,Smith,huangjanet@example.net,9553801176,Savannahbury
1011,Valerie,King,bholt@example.net,+1-410-323-0861x0220,West Anthonyberg
1012,Nancy,Bates,monicawise@example.org,001-685-836-7396x85003,North Lynnland
1013,Derek,Hicks,karenburnett@example.com,714-279-2416x6166,North Joseph
1014,Robert,Lynch,williamschristopher@example.com,(768)911-3795x92054,North William
1015,Shawn,Arroyo,benjaminnielsen@example.net,(754)437-2815x80480,Briannaton
1016,Pamela,Glover,jonathannavarro@example.org,234-622-1003,Port Christopher
1017,Teresa,Moses,elizabeth92@example.org,(358)257-8191,New Michele
1018,Barry,Smith,lori06@example.net,865.368.3020x5310,Rodriguezberg
1019,Joann,Morales,bradley42@example.org,+1-421-729-6588x776,Nathanburgh
1020,Pamela,White,alexmoore@example.net,001-856-225-3382x2852,South Tonya
1021,Christopher,Nichols,christopherhardy@example.org,357-768-4052x93713,Monroemouth
1022,Amy,Ramirez,pamelathomas@example.net,001-828-368-7643x7990,West Garybury
1023,Eric,Moore,bayers@example.com,001-288-618-4922x405,Pattersonmouth
1024,Thomas,Kim,rsmith@example.net,(820)796-1015x4097,Lake Debbie
1025,Tonya,Brewer,russellmarilyn@example.org,+1-208-970-7204x1067,West Marymouth
1026,Elizabeth,Reilly,harrisjames@example.org,292.489.5535,Robertport
1027,Max,Graham,nkennedy@example.org,389.932.3906x5269,Davidport
1028,Justin,Brown,allison02@example.org,001-337-652-1362x496,North Bruce
1029,Michael,Collins,stevensrichard@example.org,+1-672-354-0024x477,Mariaton
1030,Gary,Butler,yolandahoward@example.net,001-206-601-3426x044,Patricialand
1031,Steven,Jones,shahmitchell@example.net,001-714-887-8139x39547,Stephenstad
1032,Derek,Thompson,tonyatanner@example.com,641.526.7531,Holtshire
1033,Sergio,Chandler,robert78@example.net,001-485-905-3203x319,Lake Donna
1034,Jason,Dickson,leonalexander@example.com,(384)846-0540x60912,East Christopherland
1035,Sarah,Wyatt,brownregina@example.com,(551)241-2820x736,Scottfort
1036,Gregory,Duncan,nataliemurphy@example.org,001-457-928-1882x17759,Port Joehaven
1037,Katherine,Armstrong,joshua09@example.com,997.379.3663x13989,North Marie
1038,Alison,Cook,vhernandez@example.com,7722497838,South Renee
1039,Nicole,Lane,howardveronica@example.com,(527)502-6723x1867,Lake Margaretside
1040,Sally,Keller,veronica07@example.org,352-849-4538x01817,Mariaview
1041,Nicholas,Austin,rwheeler@example.com,+1-795-455-6211x2535,Pamelaport
1042,Hannah,Rivers,thomas32@example.com,516.295.4665,Jacobchester
1043,Christopher,Ingram,deborah58@example.net,001-378-405-8376x9275,Richardburgh
1044,Alexa,Clayton,hbeck@example.org,249.276.9546x4099,Sancheztown
1045,Jennifer,Jackson,alexandra43@example.net,+1-656-371-7469x985,Granthaven
1046,David,Welch,hannahsloan@example.net,957.328.9938x776,Lake Renee
1047,Brittany,Smith,michael63@example.com,+1-814-385-5678x700,Jefffurt
1048,Danny,Wilson,xmarshall@example.org,+1-666-651-4196x7944,Jessicaberg
1049,Joshua,Phelps,manuel28@example.net,643-563-2508,Port Steven
1050,Martin,Greene,christinavega@example.org,683.877.1300x06750,Maldonadochester
1051,Steven,Porter,qsmith@example.org,(953)575-9352x943,Brownborough
1052,James,Ross,spearssteven@example.org,236-575-1234x353,Port Jenniferhaven
1053,James,Bennett,hellis@example.net,737-475-8159x83044,Bondland
1054,Zachary,Perez,jasonortiz@example.com,+1-472-671-3112,North Matthew
1055,Gregory,Mcguire,kjensen@example.net,(525)950-3338x86341,New Kristinborough
1056,Krystal,Hartman,chloe20@example.net,826-805-5782x9516,North Samanthaport
1057,Robert,Drake,carolynpratt@example.com,(661)376-6823x591,Lake Derekmouth
1058,Judy,Adams,jermainewatson@example.net,+1-779-572-9611x25823,Wagnershire
1059,Sherry,Miller,tammymiller@example.com,509-925-4382x782,Sandrahaven
1060,Jeffrey,Lee,jill19@example.com,001-237-447-9769x54587,Port Ginaburgh
1061,Angelica,Massey,stephanie07@example.org,+1-731-364-9065x231,Katherinemouth
1062,Tracie,Yates,xmckenzie@example.net,(834)414-1568,North Jerrytown
1063,Michael,Price,toddmiller@example.net,+1-945-936-1634x290,North Robert
1064,Kelly,Bryant,sanchezjacob@example.net,951-539-1851x13424,Lake Oscar
1065,Kristy,Campbell,michaelschroeder@example.net,(996)961-1158x74849,New Ashley
1066,Thomas,Kelley,bmoore@example.org,2292312587,East Sandra
1067,Timothy,Mcintosh,lori36@example.com,429.218.0566x87985,Port Tyronechester
1068,Randall,Walker,mullenkenneth@example.com,+1-552-681-7169,Dustinview
1069,Kendra,Lopez,hubbardjohn@example.net,(370)855-0764x8945,New Hollyberg
1070,Susan,Prince,robertbass@example.net,527-736-8141x756,Lake Anna
1071,Laura,Montoya,joneskelly@example.org,214.236.3228,South Emilyfort
1072,Melanie,Mcbride,glennhanson@example.net,884.260.7243x36873,South David
1073,Michele,Taylor,ustanley@example.com,792.737.8624x2085,Michellefort
1074,Michelle,Gonzalez,angelica14@example.com,+1-749-851-4059x3714,Gillespiechester
1075,Adam,Tyler,mnorris@example.net,001-680-292-3360x717,Curryfort
1076,Laura,Gonzalez,isaiah32@example.org,001-891-289-8666x47265,Smithshire
1077,Patricia,White,murphyrebecca@example.net,856.576.4693x17295,Lake Davidburgh
1078,Ruth,Williams,uwagner@example.org,+1-689-499-1729x17736,Leemouth
1079,Mia,Ayers,tperry@example.com,893-909-8847,Jimenezborough
1080,Tara,Rodriguez,hthompson@example.com,(385)260-6607,New Tiffany
1081,Brian,Hale,zimmermanjohn@example.net,(424)896-4820x1407,Reynoldsberg
1082,Stacy,Garcia,pgarza@example.net,278-530-0637,West Charlesport
1083,Juan,Garcia,amason@example.net,001-681-448-1350x988,Scottport
1084,John,Price,tracialexander@example.net,(925)925-8826,Knightmouth
1085,Penny,Knapp,casey89@example.org,801.529.9216x940,Hamptonchester
1086,Sara,Ruiz,colemanmichelle@example.net,338-418-1936x7376,Lake Traci
1087,Melinda,Reyes,paul93@example.net,(594)254-6960,Catherinemouth
1088,Brandon,Warren,hannah53@example.org,001-369-782-0100x8095,West Jennifermouth
1089,Joel,Harris,gregory62@example.net,467-774-0939,Bowmantown
1090,Stephen,Jones,danielle60@example.org,(917)658-6724,North Derekfurt
1091,Kyle,Lynch,zbolton@example.org,(446)494-8844x335,Port Daniel
1092,Katrina,Gonzalez,nday@example.org,385-758-9659,Port Pamelafurt
1093,Teresa,Nielsen,brian21@example.org,408.586.2341,South Sheila
1094,Craig,Neal,yshaffer@example.net,919.246.1679x69767,Morganmouth
1095,Christina,Davis,zmiller@example.net,(934)526-0569x9377,East Jeffery
1096,Sharon,Mcintyre,wbowers@example.org,377-968-8651x31081,North Jaclynland
1097,Matthew,Pittman,jeffreypope@example.org,+1-434-392-7998x331,Lake Amy
1098,Joe,York,lewisronald@example.org,+1-277-541-0900x777,Shannonchester
1099,Joshua,Carter,alopez@example.net,235.565.5406x7464,Armstrongport
